section,category,templates,routes,Homepage,Compare,Book a Demo,Legal,Blog index,Blog post,Case studies index,Case study
shell.page-layers,SHELL,8,18,x,x,x,x,x,x,x,x
shell.navbar,SHELL,8,18,x,x,x,x,x,x,x,x
shell.mobile-menu,SHELL,8,18,x,x,x,x,x,x,x,x
shell.footer-bottom-reveal,SHELL,8,18,x,x,x,x,x,x,x,x
shell.footer,SHELL,7,17,x,x,,x,x,x,x,x
shell.preloader,SHELL,6,16,,x,,x,x,x,x,x
conversion.cta,CONVERSION,6,14,x,x,,,x,x,x,x
content.post-body,CONTENT,2,10,,,,,,x,,x
content.post-header,CONTENT,1,8,,,,,,x,,
hero.legal,HERO,1,3,,,,x,,,,
legal.content,LEGAL,1,3,,,,x,,,,
shell.call-alex-modal,SHELL,2,2,x,x,,,,,,
transition.black-to-white,TRANSITION,2,2,x,x,,,,,,
transition.white-to-black,TRANSITION,2,2,x,x,,,,,,
content.case-header,CONTENT,1,2,,,,,,,,x
content.read-next,CONTENT,1,2,,,,,,,,x
shell.bg-pixels-overlay,SHELL,1,1,,x,,,,,,
hero.home,HERO,1,1,x,,,,,,,
hero.compare,HERO,1,1,,x,,,,,,
hero.book-a-demo,HERO,1,1,,,x,,,,,
hero.blog-index,HERO,1,1,,,,,x,,,
hero.case-studies-index,HERO,1,1,,,,,,,x,
proof.client-logos,PROOF,1,1,x,,,,,,,
proof.client-spotlight,PROOF,1,1,x,,,,,,,
proof.stats,PROOF,1,1,x,,,,,,,
proof.testimonials,PROOF,1,1,x,,,,,,,
product.how-it-works,PRODUCT,1,1,x,,,,,,,
product.scheduling-agent,PRODUCT,1,1,x,,,,,,,
product.tasking-agent,PRODUCT,1,1,x,,,,,,,
product.navigator-agent,PRODUCT,1,1,x,,,,,,,
product.outreach-agent,PRODUCT,1,1,x,,,,,,,
fit.specialties,FIT,1,1,x,,,,,,,
fit.integrations,FIT,1,1,x,,,,,,,
fit.security,FIT,1,1,x,,,,,,,
compare.generic,COMPARE,1,1,,x,,,,,,
compare.comparison-table,COMPARE,1,1,,x,,,,,,
compare.access,COMPARE,1,1,,x,,,,,,
compare.specialty-white,COMPARE,1,1,,x,,,,,,
compare.integrations-white,COMPARE,1,1,,x,,,,,,
compare.privacy,COMPARE,1,1,,x,,,,,,
compare.evaluation,COMPARE,1,1,,x,,,,,,
content.blog-list,CONTENT,1,1,,,,,x,,,
content.case-list,CONTENT,1,1,,,,,,,x,
ROUTE COUNT,,,18,1,1,1,3,1,8,1,2