68639bb30a93107837363b04_logo-2.svg	68639bb30a93107837363b04-logo-2.svg
687f56a9063daee4443e46c2_Florida Orthopaedic Institute.svg	687f56a9063daee4443e46c2-florida-orthopaedic-institute.svg
687f56a9ad410e39b817c66b_Semmes Murphey.svg	687f56a9ad410e39b817c66b-semmes-murphey.svg
687f56a9e6245c0ab953f7e4_Hughston Clinic.svg	687f56a9e6245c0ab953f7e4-hughston-clinic.svg
687f56b51adbdc9b529bd051_Andrews Sports Medicine & Orthopaedic Center.webp	687f56b51adbdc9b529bd051-andrews-sports-medicine-orthopaedic-center.webp
687f56b54ba0d2c838ec91b8_The Orthopaedic Center.webp	687f56b54ba0d2c838ec91b8-the-orthopaedic-center.webp
687f56b5ced9a9f759250276_Resurgens Orthopaedics.webp	687f56b5ced9a9f759250276-resurgens-orthopaedics.webp
687f56b5d3a2aac73ec14171_TOC.webp	687f56b5d3a2aac73ec14171-toc.webp
687f56b5fdd0b924dce2982f_North Florida Surgeons.webp	687f56b5fdd0b924dce2982f-north-florida-surgeons.webp
687f914b39717f558eb082e8_Tammy Jackson.webp	687f914b39717f558eb082e8-tammy-jackson.webp
687f9e315c0a9b7f071b0a0c_arrow.svg	687f9e315c0a9b7f071b0a0c-arrow.svg
6883f1f3db0dc1ce3dd77736_out-icon-04.webp	6883f1f3db0dc1ce3dd77736-out-icon-04.webp
6883f34c4175e5ba20591b09_out-icon-02.webp	6883f34c4175e5ba20591b09-out-icon-02.webp
6883f34c4e63a9b69a4e5d84_out-icon-01.webp	6883f34c4e63a9b69a4e5d84-out-icon-01.webp
6883f34c5f69d9e9448db9e1_out-icon-03.webp	6883f34c5f69d9e9448db9e1-out-icon-03.webp
6883f34cf8d4db106318440c_out-icon-05.webp	6883f34cf8d4db106318440c-out-icon-05.webp
68906575d051bc5b61776ed5_logo-black.svg	68906575d051bc5b61776ed5-logo-black.svg
6891ba123690a20e001bdb40_athena.webp	6891ba123690a20e001bdb40-athena.webp
6891ba294f620244fffc46c9_Frame-4.svg	6891ba294f620244fffc46c9-frame-4.svg
6891ba297394dd666fa1e80f_Frame-5.svg	6891ba297394dd666fa1e80f-frame-5.svg
6891ba297ca39dde65c0c5ec_Frame-1.svg	6891ba297ca39dde65c0c5ec-frame-1.svg
6891ba29d55c22cffb383bb7_Frame-2.svg	6891ba29d55c22cffb383bb7-frame-2.svg
6891ba29fbf92e334355779b_Frame.svg	6891ba29fbf92e334355779b-frame.svg
6891bbbe34bdaeb7aad82ea6_GreenHealth-upd.svg	6891bbbe34bdaeb7aad82ea6-greenhealth-upd.svg
6891ca03471a3b7540d45c51_athena-black.webp	6891ca03471a3b7540d45c51-athena-black.webp
6891ca1486c64ec6dcfdbd93_epic-black.svg	6891ca1486c64ec6dcfdbd93-epic-black.svg
6891ca150e6e639c350e5305_eclinic-black.svg	6891ca150e6e639c350e5305-eclinic-black.svg
6891ca151d6544e08918728b_greenway-black.svg	6891ca151d6544e08918728b-greenway-black.svg
6891ca15287e4bd5ad5fcd73_nextech-black.svg	6891ca15287e4bd5ad5fcd73-nextech-black.svg
6891ca15ec2bbcfee664f148_modmed-black.svg	6891ca15ec2bbcfee664f148-modmed-black.svg
6891ca15f5c11a916ba8c8b6_veradigm-black.svg	6891ca15f5c11a916ba8c8b6-veradigm-black.svg
6891ebdb0ad3ebb68fe6d694_nist-white.svg	6891ebdb0ad3ebb68fe6d694-nist-white.svg
6891ebdb7394dd666fb56b4e_nist-white-1.svg	6891ebdb7394dd666fb56b4e-nist-white-1.svg
6891ebdb97d9bef9310d4f85_soc-white.svg	6891ebdb97d9bef9310d4f85-soc-white.svg
6891ebdb9f4ab9a258d517a7_soc-white-1.svg	6891ebdb9f4ab9a258d517a7-soc-white-1.svg
68920b38695cade17f6e41a0_logo-footer.svg	68920b38695cade17f6e41a0-logo-footer.svg
689498e02915466ba0586e2f_c368d18a994e282d7dfe5cf55a05a981_CDC.webp	689498e02915466ba0586e2f-c368d18a994e282d7dfe5cf55a05a981-cdc.webp
689498e037cd46c41ab29712_UMP.svg	689498e037cd46c41ab29712-ump.svg
689498e05d8d1f8f3b3cdf22_OSM.svg	689498e05d8d1f8f3b3cdf22-osm.svg
689498e0742068939dc61f59_Armina.webp	689498e0742068939dc61f59-armina.webp
689498e077a9e597323c706d_Eye Doctors.webp	689498e077a9e597323c706d-eye-doctors.webp
689498e0dcb8e3e1e573aa42_UCA.svg	689498e0dcb8e3e1e573aa42-uca.svg
689498e0f5c437f5bddc9fb7_USOP.webp	689498e0f5c437f5bddc9fb7-usop.webp
6894e2b1ef0879a32ffdc2a5_gr-bl.webp	6894e2b1ef0879a32ffdc2a5-gr-bl.webp
6895b5252492c7e65980a91c_6da87d9d094dc249ee70d2f8f5118203_sch-img-3.avif	6895b5252492c7e65980a91c-6da87d9d094dc249ee70d2f8f5118203-sch-img-3.avif
6895b5254b12f4e9385d2b64_cb862a86e82892dd803115dfaf743bfe_sch-img-1.avif	6895b5254b12f4e9385d2b64-cb862a86e82892dd803115dfaf743bfe-sch-img-1.avif
6895b52599b0bc61961ff546_d5924aa3dfe7c5f576623788a8ab5825_sch-img-2.avif	6895b52599b0bc61961ff546-d5924aa3dfe7c5f576623788a8ab5825-sch-img-2.avif
6895b525dc871b1f5fe7bedd_721d1e1a3e576f29f09b75ccf4d7db9e_sch-img-4.avif	6895b525dc871b1f5fe7bedd-721d1e1a3e576f29f09b75ccf4d7db9e-sch-img-4.avif
6895ba251b4a95b1e73b23cb_task-img-2.avif	6895ba251b4a95b1e73b23cb-task-img-2.avif
6895ba252384e22761c55270_task-img-3.avif	6895ba252384e22761c55270-task-img-3.avif
6895ba258eb91995c9cabdf4_task-img-1.avif	6895ba258eb91995c9cabdf4-task-img-1.avif
6895c0e0319951151e3843a6_nav-img-2.avif	6895c0e0319951151e3843a6-nav-img-2.avif
6895c0e06a401a644cf830cf_nav-img-3.avif	6895c0e06a401a644cf830cf-nav-img-3.avif
6895c0e0cf1da44572715af5_nav-img-1.avif	6895c0e0cf1da44572715af5-nav-img-1.avif
6895c0e0cf1da44572715af8_nav-img-4.avif	6895c0e0cf1da44572715af8-nav-img-4.avif
6895c8130aef8550f8914df1_Podiatry.avif	6895c8130aef8550f8914df1-podiatry.avif
6895c81330d7de744c894d94_Cardiology.avif	6895c81330d7de744c894d94-cardiology.avif
6895c81333b865db4669b970_Orthopedics & physical therapy.avif	6895c81333b865db4669b970-orthopedics-physical-therapy.avif
6895c81360d11952e57f20a5_Dentistry & oral surgery.avif	6895c81360d11952e57f20a5-dentistry-oral-surgery.avif
6895c8137ad378e38fa08ace_Dermatology.avif	6895c8137ad378e38fa08ace-dermatology.avif
6895c81395c7a4301f713ac0_Gastroenterology.avif	6895c81395c7a4301f713ac0-gastroenterology.avif
6895c813e0cffd29d16ce36b_ENT.avif	6895c813e0cffd29d16ce36b-ent.avif
6895c813f36a7703449637e1_Ophthalmology & optometry.avif	6895c813f36a7703449637e1-ophthalmology-optometry.avif
6895c8143c4bf61fa13f7d9d_Urology.avif	6895c8143c4bf61fa13f7d9d-urology.avif
6895c814821090042466ce03_Pediatrics.avif	6895c814821090042466ce03-pediatrics.avif
6895c8149164418542e6e22f_OBGYN.avif	6895c8149164418542e6e22f-obgyn.avif
6895c814b7be66777d210654_Neurology.avif	6895c814b7be66777d210654-neurology.avif
6895c814d78925820018cebe_Primary care.avif	6895c814d78925820018cebe-primary-care.avif
6899beea881eb22496bfec6f_systemedx logo white.svg	6899beea881eb22496bfec6f-systemedx-logo-white.svg
6899beee48af30a928765264_systemedx logo black.svg	6899beee48af30a928765264-systemedx-logo-black.svg
6899bf693aec41d6d19e938b_nextgen white.webp	6899bf693aec41d6d19e938b-nextgen-white.webp
6899bf6d4e77eb1b7da9da53_nextgen black.webp	6899bf6d4e77eb1b7da9da53-nextgen-black.webp
689caa3e67c8dbd2e70dc1bc_close-icon-white.svg	689caa3e67c8dbd2e70dc1bc-close-icon-white.svg
689caa792a4b35f0e9aba831_close-icon-white-28.svg	689caa792a4b35f0e9aba831-close-icon-white-28.svg
68a300503634463bc8a25527_menu-burger.svg	68a300503634463bc8a25527-menu-burger.svg
68a5a50307e780f41451718b_menu-burger-close.svg	68a5a50307e780f41451718b-menu-burger-close.svg
68af321214fa5cc11e7994c7_arrow-black.svg	68af321214fa5cc11e7994c7-arrow-black.svg
68af375b6ed817d8303e6d01_arrow-white-left.svg	68af375b6ed817d8303e6d01-arrow-white-left.svg
68af375bd94b22d7288ceba1_arrow-black-left.svg	68af375bd94b22d7288ceba1-arrow-black-left.svg
68af7e1deaff18ed0b98d8fb_close-icon-black-28.svg	68af7e1deaff18ed0b98d8fb-close-icon-black-28.svg
68b03d1ff7bab6dbf46fb416_Scott Griffin.webp	68b03d1ff7bab6dbf46fb416-scott-griffin.webp
68b03e7aa72891aa77fb17bf_Southern Bone and Joint Specialists.webp	68b03e7aa72891aa77fb17bf-southern-bone-and-joint-specialists.webp
698db856e06a92021fdfd2d6_nist-2-white.svg	698db856e06a92021fdfd2d6-nist-2-white.svg
698db856fcc2fd567ffa01fe_nist-2-white-1.svg	698db856fcc2fd567ffa01fe-nist-2-white-1.svg
6a75e93f1d775f54a21ef4a2_SBJ_Logo_upscaled_200h.png	6a75e93f1d775f54a21ef4a2-sbj-logo-upscaled-200h.png
